<?xml version="1.0" encoding="UTF-8"?>
<configuration debug="true">


    <appender name="CONSOLE" class="ch.qos.logback.core.ConsoleAppender">
        <encoder>
            <pattern>%-4relative %d %-5level [ %t ] [%mdc{X-B3-TraceId},%mdc{X-B3-SpanId}] %-55logger{13} | %m %n</pattern>
            <charset>utf8</charset>
        </encoder>
    </appender>

    <appender name="FILE" class="ch.qos.logback.core.FileAppender">
        <file>logs/logfile.log</file>
        <encoder>
            <pattern>%d{HH:mm:ss.SSS} [%thread] %-5level %logger{36} - %msg%n</pattern>
            <charset>utf8</charset>
        </encoder>
    </appender>

    <appender name="SYSLOG" class="net.logstash.logback.appender.LogstashSocketAppender">
        <host>${HOST:-localhost}</host>
        <customFields>
            {
            "appName":"${SERVICE_NAME:-ufr-deposits-api}",
            "appHost": "${SERVICE_HOST}",
            "profile": "${SPRING_PROFILES_ACTIVE}"
            }
        </customFields>
    </appender>

    <root level="${LOG_LEVEL:-INFO}" additivity="false">
        <appender-ref ref="CONSOLE"/>
        <appender-ref ref="FILE"/>
    </root>

    <logger name="org.springframework" level="${SPRING_LOG_LEVEL:-WARN}">
        <appender-ref ref="CONSOLE"/>
        <appender-ref ref="SYSLOG"/>
    </logger>

</configuration>